,MAPE,RMSPE,MDA,R^2
"GARCH(1,1)-FIXED",4.845454369241731,12.479159924882516,0.5359268707482994,0.6445089606133458
"GARCH(1,1)",0.5214057855681175,0.7892044254300683,0.6488095238095238,0.4270580335732854
GJR-GARCH,0.44449915254817884,0.6548821091150051,0.6964285714285714,0.53927039416601
EGARCH,0.5135861659473152,0.7826079440363917,0.6547619047619048,0.47179419635393094
RNGARCH,0.43180456196235606,0.5804220401701232,0.6488095238095238,0.4106994223474276
R-GARCH,0.5564291098543924,0.8348070060852858,0.6428571428571429,0.3919190993798648
R-GJR-GARCH,0.4482188483217208,0.6573820694119965,0.6845238095238095,0.5400462244213022
R-EGARCH,0.4352670603872171,0.6535546861772638,0.7083333333333334,0.5829830497381878
