"","alpha","beta","gamma","omega","se_alpha","se_beta","se_gamma","se_omega","t_alpha","t_beta","t_gamma","t_omega","AIC","BIC"
"GARCH",0.350094950564043,0.245354590831918,0.70070979619296,0,0.105804692690809,0.0428040456820096,0.0462043496139698,0,3.308879234564,5.73204207505645,15.1654509163592,0,4.24373337829869,4.26341366423345
"EGARCH",0.191589016950859,-0.25406540159477,0.874766527568089,0.345283701742687,0.0380512673467226,0.035705641414421,0.0251712791175137,0.0568536831203777,5.03502328069925,-7.11555349604101,34.7525655523578,6.07319847707331,4.17578670865908,4.20202708990543
"GJR",0.42608617740527,0.0191452627963854,0.6973875604929,0.449142936709672,0.0907379143591904,0.0315938458716919,0.0455310593234846,0.0854265935198344,4.69578985162241,0.605980762017313,15.3167435780083,5.25764774414643,4.18068243189282,4.20692281313917
